<?xml version="1.0" encoding="UTF-8" standalone="yes"?>
<manifest>
  <control namespace="TextInput" constructor="TextInputControl" version="0.0.1" display-name-key="TextInputControlDisNameKey" description-key="TextInputControl description" control-type="standard" api-version="1.3.14">
    <external-service-usage enabled="false"/>
    <property name="textValue" display-name-key="The Text Value" description-key="This is the text value" of-type="SingleLine.Text" usage="bound" required="true"/>
    <resources>
      <code path="bundle.js" order="1"/>
    </resources>
    <built-by name="pac" version="1.32.5"/>
  </control>
</manifest>