<?xml version="1.0" encoding="UTF-8" standalone="yes"?>
<manifest>
  <control namespace="btnCallPopup" constructor="btnCallPopupControl" version="0.0.2" display-name-key="btnCallPopupControl" description-key="btnCallPopupControl description" control-type="standard" api-version="1.3.14">
    <external-service-usage enabled="false"/>
    <property name="sampleProperty" display-name-key="Property_Display_Key" description-key="Property_Desc_Key" of-type="SingleLine.Text" usage="bound" required="true"/>
    <resources>
      <code path="bundle.js" order="1"/>
    </resources>
    <built-by name="pac" version="1.32.5"/>
  </control>
</manifest>